Tipo de atividade,Data,Favorito,Título,Distância,Calorias,Tempo,FC Média,FC máxima,Training Effect Aeróbico,Cadência de corrida média,Cadência de corrida máxima,Velocidade média,Velocidade máxima,Ganho de elevação,Perda da elevação,Comprimento médio da passada,Proporção de média vertical,Oscilação vertical média,Training Stress Score®,Granularidade,Fluxo,Total de repetições,Total de conjuntos,Tempo de escalada,Tempo no fundo,Temp mínima,Intervalo de superfície,Descompressão,Tempo da melhor volta,Número de voltas,Temp máxima,Tempo em movimento,Duração,Elevação mínima,Elevação máxima
Treino de força,2021-07-19 06:49:42,false,"Força","0,00","170","00:36:12","107","152","1,1","--","--","--","--","--","--","0,00","0,0","0,0","0,0","0,0","0,0","166","20","36:12","0:00","0,0","0:00","Não","36:12.03","1","0,0","00:18:51","00:36:12","--","--"
Ciclismo,2021-07-18 08:38:18,false,"Blumenau Ciclismo","18,04","636","02:03:44","116","163","2,2","--","--","8,7","24,6","142","145","0,00","0,0","0,0","0,0","0,0","0,0","--","--","2:03:44","0:00","0,0","0:00","Não","12:25.05","4","0,0","01:29:55","02:03:44","3","41"
Corrida,2021-07-17 07:12:56,false,"Pomerode Corrida","6,05","602","00:49:39","176","218","4,6","113","243","8:13","4:08","293","294","1,01","0,0","0,0","0,0","0,0","0,0","--","--","49:39","0:00","0,0","0:00","Não","00:30.41","8","0,0","00:42:10","00:49:39","84","380"
Treino de força,2021-07-13 06:56:10,false,"Força","0,00","219","00:37:39","117","160","1,7","--","--","--","--","--","--","0,00","0,0","0,0","0,0","0,0","0,0","159","20","37:39","0:00","0,0","0:00","Não","37:38.93","1","0,0","00:18:40","00:37:39","--","--"
Corrida,2021-07-12 06:40:44,false,"Blumenau Corrida","5,91","396","00:40:01","153","189","3,2","137","181","6:46","3:52","36","36","1,06","0,0","0,0","0,0","0,0","0,0","--","--","40:01","0:00","0,0","0:00","Não","00:01.43","8","0,0","00:39:11","00:40:47","11","21"
Corrida,2021-07-10 07:48:19,false,"Blumenau Corrida","16,01","1.233","01:44:30","174","206","5,0","150","247","6:32","5:25","305","307","1,02","0,0","0,0","0,0","0,0","0,0","--","--","1:44:30","0:00","0,0","0:00","Não","00:03.65","17","0,0","01:44:25","01:44:30","17","125"
Treino de força,2021-07-09 07:01:28,false,"Força","0,00","333","00:53:49","125","168","2,2","--","--","--","--","--","--","0,00","0,0","0,0","0,0","0,0","0,0","265","24","53:49","0:00","0,0","0:00","Não","53:48.75","1","0,0","00:29:18","00:53:49","--","--"
Corrida,2021-07-08 17:49:32,false,"Blumenau - 10k - 90 a 95%","10,01","744","01:01:52","172","188","5,0","160","168","6:11","5:04","64","78","1,01","0,0","0,0","0,0","0,0","0,0","--","--","1:01:52","0:00","0,0","0:00","Não","00:05.04","11","0,0","01:01:43","01:01:52","9","49"
Corrida,2021-07-03 08:08:16,false,"Blumenau Corrida","14,12","1.047","01:30:02","170","201","5,0","153","244","6:23","5:32","175","177","1,03","0,0","0,0","0,0","0,0","0,0","--","--","1:30:02","0:00","0,0","0:00","Não","00:36.10","15","0,0","01:29:59","01:30:02","15","64"
Treino de força,2021-07-02 07:02:14,false,"Força","0,00","280","00:49:59","119","168","2,1","--","--","--","--","--","--","0,00","0,0","0,0","0,0","0,0","0,0","236","24","49:59","0:00","0,0","0:00","Não","49:58.81","1","0,0","00:26:15","00:49:59","--","--"
Corrida em esteira,2021-07-01 18:17:01,false,"8k - 95 a 100%","8,01","610","00:51:57","165","176","4,3","157","180","6:29","5:31","--","--","0,98","0,0","0,0","0,0","0,0","0,0","--","--","51:57","0:00","0,0","0:00","Não","00:02.87","9","0,0","00:51:31","00:51:57","--","--"
Treino de força,2021-06-30 07:01:20,false,"Força","0,00","313","00:51:16","124","142","2,0","--","--","--","--","--","--","0,00","0,0","0,0","0,0","0,0","0,0","173","24","51:16","0:00","0,0","0:00","Não","51:15.65","1","0,0","00:26:38","00:51:16","--","--"
Corrida em esteira,2021-06-29 17:25:46,false,"6 x 1km com intervalo 3min parad","8,10","615","01:04:46","151","183","3,5","123","210","8:00","4:54","--","--","0,84","0,0","0,0","0,0","0,0","0,0","--","--","1:04:46","0:00","0,0","0:00","Não","00:02.70","15","0,0","00:47:13","01:04:46","--","--"
Treino de força,2021-06-28 07:02:15,false,"Força","0,00","313","00:49:20","124","174","2,4","--","--","--","--","--","--","0,00","0,0","0,0","0,0","0,0","0,0","266","24","49:20","0:00","0,0","0:00","Não","49:19.86","1","0,0","00:25:07","00:49:20","--","--"
Corrida,2021-06-27 09:01:30,false,"Blumenau Corrida","13,95","1.038","01:30:02","171","201","5,0","150","241","6:27","5:37","169","178","1,03","0,0","0,0","0,0","0,0","0,0","--","--","1:30:02","0:00","0,0","0:00","Não","05:45.15","14","0,0","01:29:51","01:30:02","10","57"
Treino de força,2021-06-25 07:05:29,false,"Força","0,00","319","00:52:39","124","148","2,0","--","--","--","--","--","--","0,00","0,0","0,0","0,0","0,0","0,0","157","24","52:39","0:00","0,0","0:00","Não","52:38.80","1","0,0","00:25:11","00:52:39","--","--"
Corrida em esteira,2021-06-24 18:03:30,false,"10k - 90 a 95%","10,01","704","00:59:41","167","185","4,9","160","176","5:58","5:12","--","--","1,05","0,0","0,0","0,0","0,0","0,0","--","--","59:41","0:00","0,0","0:00","Não","00:01.37","11","0,0","00:59:34","00:59:41","--","--"
Corrida,2021-06-22 06:51:27,false,"Blumenau - 4 x 1km forte com 500m leve","8,01","560","00:48:54","166","186","4,2","158","170","6:06","4:42","24","36","1,03","0,0","0,0","0,0","0,0","0,0","--","--","48:54","0:00","0,0","0:00","Não","00:04.61","11","0,0","00:48:50","00:48:54","12","28"
Treino de força,2021-06-21 06:55:09,false,"Força","0,00","296","00:53:04","119","164","2,1","--","--","--","--","--","--","0,00","0,0","0,0","0,0","0,0","0,0","321","27","53:04","0:00","0,0","0:00","Não","53:03.70","1","0,0","00:26:21","00:53:04","--","--"
Corrida em esteira,2021-06-20 09:20:41,false,"Corrida em esteira","6,19","470","00:46:02","155","186","3,6","142","225","7:26","4:50","--","--","0,93","0,0","0,0","0,0","0,0","0,0","--","--","46:02","0:00","0,0","0:00","Não","03:50.01","7","0,0","00:43:41","00:46:02","--","--"
Corrida em esteira,2021-06-17 17:57:56,false,"8k - 90 a 95%","8,02","555","00:49:54","159","172","4,1","157","161","6:13","4:59","--","--","1,03","0,0","0,0","0,0","0,0","0,0","--","--","49:54","0:00","0,0","0:00","Não","00:07.70","9","0,0","00:49:53","00:49:54","--","--"
Corrida em esteira,2021-06-15 18:11:22,false,"10 x 300m moderado/forte com 100","7,01","410","00:42:34","147","172","3,3","155","161","6:04","4:38","--","--","1,06","0,0","0,0","0,0","0,0","0,0","--","--","42:34","0:00","0,0","0:00","Não","00:03.37","24","0,0","00:42:26","00:42:34","--","--"
Corrida,2021-06-13 08:46:56,false,"Blumenau Corrida","18,40","1.332","02:00:01","167","192","5,0","154","244","6:31","5:31","409","377","1,00","0,0","0,0","0,0","0,0","0,0","--","--","2:00:01","0:00","0,0","0:00","Não","02:23.79","19","0,0","01:59:49","02:00:01","17","160"
Treino de força,2021-06-11 06:48:51,false,"Força","0,00","310","01:03:07","114","146","1,4","--","--","--","--","--","--","0,00","0,0","0,0","0,0","0,0","0,0","209","28","1:03:07","0:00","0,0","0:00","Não","01:03:07.04","1","0,0","00:28:09","01:03:07","--","--"
Corrida em esteira,2021-06-10 18:33:53,false,"10k - 90 a 95%","10,01","693","01:01:09","165","179","5,0","158","167","6:06","4:38","--","--","1,04","0,0","0,0","0,0","0,0","0,0","--","--","1:01:09","0:00","0,0","0:00","Não","00:04.95","11","0,0","01:00:22","01:01:09","--","--"
Corrida em esteira,2021-06-08 18:07:33,false,"6 x 500m com intervalo 2min para","7,20","471","00:54:02","144","184","3,1","130","170","7:30","4:26","--","--","0,93","0,0","0,0","0,0","0,0","0,0","--","--","54:02","0:00","0,0","0:00","Não","00:03.37","17","0,0","00:42:51","00:54:02","--","--"
Treino de força,2021-06-07 06:43:42,false,"Força","0,00","262","00:58:08","110","150","1,5","--","--","--","--","--","--","0,00","0,0","0,0","0,0","0,0","0,0","332","28","58:08","0:00","0,0","0:00","Não","58:07.55","1","0,0","00:27:58","00:58:08","--","--"
Corrida,2021-06-06 08:52:54,false,"Blumenau Corrida","13,67","1.054","01:30:01","174","205","5,0","143","244","6:35","4:15","327","335","1,07","0,0","0,0","0,0","0,0","0,0","--","--","1:30:01","0:00","0,0","0:00","Não","04:05.35","14","0,0","01:29:48","01:30:01","16","123"
Corrida,2021-06-03 07:25:17,false,"Blumenau - 10 x 400 - intervalo 1 minuto","8,65","600","00:57:16","159","183","4,6","146","249","6:37","3:53","22","33","1,03","0,0","0,0","0,0","0,0","0,0","--","--","57:16","0:00","0,0","0:00","Não","00:04.31","25","0,0","00:53:53","00:57:16","7","25"
Corrida,2021-06-01 06:21:28,false,"Blumenau - 10k - 90 a 95%","10,02","706","01:01:55","168","190","5,0","156","170","6:11","5:15","76","76","1,04","0,0","0,0","0,0","0,0","0,0","--","--","1:01:55","0:00","0,0","0:00","Não","00:06.79","11","0,0","01:01:52","01:01:55","12","42"
Treino de força,2021-05-31 06:44:06,false,"Força","0,00","242","00:57:44","110","157","1,6","--","--","--","--","--","--","0,00","0,0","0,0","0,0","0,0","0,0","368","31","57:44","0:00","0,0","0:00","Não","57:43.69","1","0,0","00:27:05","00:57:54","--","--"
Corrida,2021-05-30 08:30:06,false,"Blumenau Corrida","16,01","1.056","01:42:50","163","185","5,0","154","168","6:25","5:22","273","282","1,01","0,0","0,0","0,0","0,0","0,0","--","--","1:42:50","0:00","0,0","0:00","Não","00:02.42","17","0,0","01:42:46","01:42:50","17","114"
Treino de força,2021-05-28 06:46:37,false,"Força","0,00","251","01:00:10","113","137","1,3","--","--","--","--","--","--","0,00","0,0","0,0","0,0","0,0","0,0","299","45","1:00:10","0:00","0,0","0:00","Não","01:00:09.53","1","0,0","00:25:43","01:00:10","--","--"
Corrida,2021-05-27 06:23:46,false,"Blumenau Corrida","10,00","841","01:03:19","165","183","--","--","--","6:20","3:00","85","89","0,00","0,0","0,0","0,0","0,0","0,0","--","--","1:03:19","0:00","0,0","0:00","Não","00:01.41","11","0,0","01:02:18","01:03:19","14","40"
Corrida,2021-05-25 17:46:46,false,"Blumenau Corrida","9,21","742","00:59:57","159","182","--","--","--","6:31","0:52","32","32","0,00","0,0","0,0","0,0","0,0","0,0","--","--","59:57","0:00","0,0","0:00","Não","00:56.73","14","0,0","00:59:18","00:59:57","10","25"
Corrida,2021-05-20 06:25:31,false,"Blumenau Corrida","10,08","826","01:00:51","167","184","--","--","--","6:02","4:27","37","50","0,00","0,0","0,0","0,0","0,0","0,0","--","--","1:00:51","0:00","0,0","0:00","Não","02:59.52","9","0,0","01:00:49","01:00:51","9","26"
Corrida,2021-05-15 07:42:16,false,"Blumenau Corrida","11,24","953","01:12:08","164","179","--","--","--","6:25","1:45","125","131","0,00","0,0","0,0","0,0","0,0","0,0","--","--","1:12:08","0:00","0,0","0:00","Não","01:30.82","12","0,0","01:12:04","01:12:08","15","59"
Corrida,2021-05-13 17:33:02,false,"Blumenau Corrida","9,01","701","00:54:32","162","187","--","--","--","6:03","3:57","29","43","0,00","0,0","0,0","0,0","0,0","0,0","--","--","54:32","0:00","0,0","0:00","Não","00:02.00","10","0,0","00:54:31","00:54:32","12","28"
Corrida,2021-05-08 07:35:22,false,"Blumenau Corrida","16,15","1.374","01:40:01","168","181","--","--","--","6:11","1:00","255","270","0,00","0,0","0,0","0,0","0,0","0,0","--","--","1:40:01","0:00","0,0","0:00","Não","00:54.30","17","0,0","01:39:55","01:40:01","20","117"
Corrida,2021-05-06 06:48:38,false,"Blumenau Corrida","7,00","573","00:43:19","164","176","--","--","--","6:11","5:39","35","36","0,00","0,0","0,0","0,0","0,0","0,0","--","--","43:19","0:00","0,0","0:00","Não","00:00.63","8","0,0","00:43:17","00:43:19","12","29"
Corrida,2021-05-04 17:46:36,false,"Blumenau Corrida","10,00","863","01:02:00","169","185","--","--","--","6:12","5:16","64","64","0,00","0,0","0,0","0,0","0,0","0,0","--","--","1:02:00","0:00","0,0","0:00","Não","06:00.32","10","0,0","01:01:57","01:02:00","10","34"
Corrida,2021-04-29 18:01:38,false,"Blumenau Corrida","10,00","826","01:02:14","165","181","--","--","--","6:13","5:01","57","51","0,00","0,0","0,0","0,0","0,0","0,0","--","--","1:02:14","0:00","0,0","0:00","Não","02:40.24","11","0,0","01:02:12","01:02:14","10","34"
Corrida,2021-04-27 06:47:04,false,"Blumenau Corrida","8,00","649","00:50:18","163","181","--","--","--","6:17","4:41","23","18","0,00","0,0","0,0","0,0","0,0","0,0","--","--","50:18","0:00","0,0","0:00","Não","00:59.48","14","0,0","00:44:34","00:50:18","12","22"
Corrida,2021-04-24 07:32:10,false,"Blumenau Corrida","15,01","1.358","01:34:50","172","187","--","--","--","6:19","3:28","205","198","0,00","0,0","0,0","0,0","0,0","0,0","--","--","1:34:50","0:00","0,0","0:00","Não","00:02.74","16","0,0","01:34:47","01:34:50","14","60"
Corrida,2021-04-20 06:35:48,false,"Blumenau Corrida","8,01","649","00:48:55","165","229","--","--","--","6:06","2:25","92","92","0,00","0,0","0,0","0,0","0,0","0,0","--","--","48:55","0:00","0,0","0:00","Não","00:02.84","9","0,0","00:48:52","00:48:55","10","37"
Corrida,2021-04-17 07:15:56,false,"Blumenau Corrida","10,01","877","00:58:41","176","184","--","--","--","5:52","4:01","32","39","0,00","0,0","0,0","0,0","0,0","0,0","--","--","58:41","0:00","0,0","0:00","Não","00:02.73","11","0,0","00:58:39","00:58:41","10","26"
Corrida,2021-04-13 19:10:35,false,"Blumenau Corrida","5,03","414","00:34:56","156","180","--","--","--","6:56","4:00","103","102","0,00","0,0","0,0","0,0","0,0","0,0","--","--","34:56","0:00","0,0","0:00","Não","02:19.44","8","0,0","00:29:10","00:34:56","11","25"
Corrida,2021-04-13 18:17:18,false,"Corrida","0,01","--","00:00:06,0","66","70","1,0","60","120","13:13","7:28","--","--","1,26","0,0","0,0","0,0","0,0","0,0","--","--","0:06,0","0:00","0,0","0:00","Não","00:01.16","2","0,0","00:00:03","00:00:18,8","--","--"
Corrida,2021-04-10 07:20:00,false,"Blumenau - Run Workout","7,01","471","00:38:21","179","190","4,6","166","174","5:28","5:12","3","17","1,10","0,0","0,0","0,0","0,0","0,0","--","--","38:21","0:00","0,0","0:00","Não","00:04.80","2","0,0","00:38:21","00:38:21","12","28"
Corrida,2021-04-08 17:39:09,false,"Corrida","10,03","663","00:57:27","174","188","5,0","160","168","5:44","4:49","--","--","1,09","0,0","0,0","0,0","0,0","0,0","--","--","57:27","0:00","0,0","0:00","Não","00:08.53","11","0,0","00:57:26","00:57:27","--","--"
Corrida,2021-04-06 17:51:05,false,"Blumenau - 15 x 400 - intervalo 1 minuto caminhando","11,35","774","01:10:25","168","187","5,0","154","175","6:12","2:30","13","20","1,03","0,0","0,0","0,0","0,0","0,0","--","--","1:10:25","0:00","0,0","0:00","Não","00:01.31","33","0,0","01:10:08","01:10:25","9","26"
Corrida,2021-04-02 07:00:18,false,"Blumenau - 4 x 2km com intervalo 3min caminhando","11,18","687","01:08:33","165","186","4,1","150","171","6:08","4:36","35","37","1,08","0,0","0,0","0,0","0,0","0,0","--","--","1:08:33","0:00","0,0","0:00","Não","03:00.00","10","0,0","01:08:32","01:08:51","9","25"
Corrida,2021-03-30 17:41:01,false,"Blumenau - 12 x 300m moderado/forte com 100m leve","8,30","484","00:57:04","157","229","--","142","177","6:52","3:47","35","37","1,00","0,0","0,0","0,0","0,0","0,0","--","--","57:04","0:00","0,0","0:00","Não","00:45.62","27","0,0","00:56:45","00:57:04","9","26"
Corrida,2021-03-27 07:13:10,false,"Blumenau Corrida","12,34","904","01:20:02","173","188","5,0","152","169","6:29","5:23","156","165","1,01","0,0","0,0","0,0","0,0","0,0","--","--","1:20:02","0:00","0,0","0:00","Não","02:03.27","13","0,0","01:20:00","01:20:02","16","109"
Corrida,2021-03-23 17:41:33,false,"Blumenau - Progressivo - leve p/ forte","6,01","396","00:37:11","164","187","3,8","159","171","6:11","4:51","--","13","1,01","0,0","0,0","0,0","0,0","0,0","--","--","37:11","0:00","0,0","0:00","Não","00:03.92","4","0,0","00:37:11","00:37:11","9","25"
Corrida,2021-03-21 08:03:17,false,"Blumenau Corrida","9,42","693","01:00:01","175","188","5,0","156","172","6:22","4:27","29","34","1,01","0,0","0,0","0,0","0,0","0,0","--","--","1:00:01","0:00","0,0","0:00","Não","03:26.45","10","0,0","00:59:59","01:00:01","9","26"
Corrida,2021-03-18 06:15:35,false,"Blumenau - 6 x 2:30 - 2:30 com 2km aquec e 2km desaquec","9,41","673","01:02:37","168","192","4,5","151","171","6:39","4:13","12","14","0,99","0,0","0,0","0,0","0,0","0,0","--","--","1:02:37","0:00","0,0","0:00","Não","02:30.00","15","0,0","01:02:19","01:02:37","12","30"
Corrida,2021-03-16 06:06:17,false,"Blumenau Corrida","10,02","723","01:07:48","164","185","4,2","148","166","6:46","5:35","115","121","1,00","0,0","0,0","0,0","0,0","0,0","--","--","1:07:48","0:00","0,0","0:00","Não","00:04.70","11","0,0","01:07:46","01:07:48","17","51"
Corrida,2021-03-07 07:54:09,false,"Blumenau Corrida","15,39","1.115","01:41:24","168","184","4,6","146","170","6:35","5:19","289","268","1,03","0,0","0,0","0,0","0,0","0,0","--","--","1:41:24","0:00","0,0","0:00","Não","02:10.21","16","0,0","01:41:14","01:41:24","17","126"
Corrida,2021-03-04 06:30:41,false,"Blumenau Corrida","8,01","547","00:49:14","166","181","4,1","161","168","6:09","5:21","96","98","1,01","0,0","0,0","0,0","0,0","0,0","--","--","49:14","0:00","0,0","0:00","Não","00:02.66","9","0,0","00:49:12","00:49:14","17","52"
Corrida,2021-03-02 06:30:54,false,"Blumenau - 10 X 1'30" subida","7,77","528","01:12:42","145","182","3,2","135","177","9:22","2:31","256","265","0,79","0,0","0,0","0,0","0,0","0,0","--","--","1:12:42","0:00","0,0","0:00","Não","00:04.61","23","0,0","01:11:02","01:12:42","10","42"
Corrida,2021-02-25 06:33:07,false,"Blumenau - 2 x 5km com intervalo 5min caminhando","11,15","704","01:09:08","167","188","4,5","155","173","6:12","2:30","25","32","1,03","0,0","0,0","0,0","0,0","0,0","--","--","1:09:08","0:00","0,0","0:00","Não","03:18.82","5","0,0","01:09:02","01:09:08","10","26"
Corrida,2021-02-23 06:26:33,false,"Blumenau - 3 x 2km com intervalo 3min caminhando","9,27","548","01:01:33","163","188","4,3","144","171","6:38","4:44","10","14","1,02","0,0","0,0","0,0","0,0","0,0","--","--","1:01:33","0:00","0,0","0:00","Não","03:00.00","8","0,0","01:01:32","01:01:33","12","29"
Corrida,2021-02-21 06:36:56,false,"Ilhota Corrida","9,32","349","03:42:39","--","--","--","54","244","23:53","2:46","658","666","0,82","0,0","0,0","0,0","0,0","0,0","--","--","3:42:39","0:00","0,0","0:00","Não","05:16.08","10","0,0","01:55:57","03:42:39","218","805"
Corrida,2021-02-20 07:14:03,false,"Blumenau Corrida","14,01","1.011","01:33:35","169","186","5,0","147","180","6:41","4:44","224","233","1,02","0,0","0,0","0,0","0,0","0,0","--","--","1:33:35","0:00","0,0","0:00","Não","00:05.93","15","0,0","01:33:33","01:33:35","16","111"
Corrida,2021-02-18 06:37:03,false,"Blumenau - Run Workout","10,01","683","01:00:54","172","186","5,0","155","171","6:05","2:01","158","161","1,06","0,0","0,0","0,0","0,0","0,0","--","--","1:00:54","0:00","0,0","0:00","Não","00:03.16","2","0,0","01:00:35","01:00:54","-35","56"
Corrida,2021-02-16 18:01:02,false,"Blumenau - 4 x 1km com intervalo 3min caminhando","9,44","593","01:09:36","157","187","3,8","137","168","7:22","4:27","22","24","0,97","0,0","0,0","0,0","0,0","0,0","--","--","1:09:36","0:00","0,0","0:00","Não","03:00.00","11","0,0","01:07:23","01:09:36","9","26"
Corrida,2021-02-14 08:18:42,false,"Blumenau Corrida","12,52","960","01:27:17","174","188","5,0","143","170","6:58","5:25","259","240","1,00","0,0","0,0","0,0","0,0","0,0","--","--","1:27:17","0:00","0,0","0:00","Não","03:00.45","13","0,0","01:24:57","01:27:17","18","127"
Corrida,2021-02-11 06:38:53,false,"Blumenau - Run Workout","8,63","583","00:54:28","172","188","4,7","154","172","6:19","3:53","67","74","1,02","0,0","0,0","0,0","0,0","0,0","--","--","54:28","0:00","0,0","0:00","Não","06:57.48","2","0,0","00:54:20","00:54:28","9","49"
Corrida,2021-02-09 06:29:20,false,"Blumenau - 10 x 400 - intervalo 1 minuto","8,30","562","00:56:10","163","183","4,1","139","173","6:46","3:16","10","20","1,07","0,0","0,0","0,0","0,0","0,0","--","--","56:10","0:00","0,0","0:00","Não","00:02.67","23","0,0","00:47:22","00:56:10","9","26"
Corrida,2021-02-06 07:20:28,false,"Blumenau - Run Workout","10,01","697","01:06:23","168","181","4,5","146","171","6:38","3:11","126","126","1,04","0,0","0,0","0,0","0,0","0,0","--","--","1:06:23","0:00","0,0","0:00","Não","20:26.31","2","0,0","01:06:23","01:06:23","17","50"
Corrida,2021-02-02 06:34:54,false,"Blumenau - Run Workout","7,00","445","00:44:30","163","180","3,9","155","170","6:21","1:43","53","64","1,02","0,0","0,0","0,0","0,0","0,0","--","--","44:30","0:00","0,0","0:00","Não","00:03.29","2","0,0","00:44:30","00:44:30","9","49"
Corrida,2021-01-30 07:09:55,false,"Gaspar Corrida","16,73","1.528","02:43:39","168","201","5,0","102","173","9:47","4:41","870","691","0,97","0,0","0,0","0,0","0,0","0,0","--","--","2:43:39","0:00","0,0","0:00","Não","04:47.11","17","0,0","02:20:35","02:44:34","115","802"
Corrida,2021-01-28 06:33:35,false,"Blumenau - Run Workout","8,64","588","00:59:34","168","185","5,0","149","171","6:54","3:31","62","69","0,97","0,0","0,0","0,0","0,0","0,0","--","--","59:34","0:00","0,0","0:00","Não","07:55.08","2","0,0","00:58:39","00:59:34","9","49"
Corrida,2021-01-26 06:33:32,false,"Blumenau - Teste de 5km","8,36","523","01:01:25","164","190","5,0","140","173","7:21","3:53","18","23","1,04","0,0","0,0","0,0","0,0","0,0","--","--","1:01:25","0:00","0,0","0:00","Não","00:20.00","15","0,0","00:58:30","01:01:25","9","26"
Corrida,2021-01-23 07:17:01,false,"Blumenau - Teste de 1km SUBIDA","7,89","531","01:07:03","161","191","4,8","125","170","8:30","4:23","129","125","0,94","0,0","0,0","0,0","0,0","0,0","--","--","1:07:03","0:00","0,0","0:00","Não","00:20.00","15","0,0","01:02:59","01:07:03","9","138"
Corrida,2021-01-19 06:34:00,false,"Blumenau - Teste de 1km","6,52","353","00:53:29","147","192","3,9","130","186","8:12","2:42","14","16","0,90","0,0","0,0","0,0","0,0","0,0","--","--","53:29","0:00","0,0","0:00","Não","00:20.00","15","0,0","00:51:02","00:53:29","9","26"
Corrida,2021-01-16 07:10:16,false,"Blumenau Corrida","5,91","383","00:37:58","169","184","4,8","150","168","6:26","4:47","67","57","1,04","0,0","0,0","0,0","0,0","0,0","--","--","37:58","0:00","0,0","0:00","Não","05:47.76","6","0,0","00:37:57","00:37:58","22","60"
Corrida,2021-01-14 06:37:16,false,"Blumenau Corrida","8,01","521","00:51:12","172","186","5,0","149","170","6:23","5:27","44","55","1,05","0,0","0,0","0,0","0,0","0,0","--","--","51:12","0:00","0,0","0:00","Não","00:05.40","9","0,0","00:50:56","00:51:12","9","49"
Corrida,2021-01-12 07:08:13,false,"Blumenau Corrida","8,01","550","00:51:24","177","195","5,0","147","170","6:25","5:12","76","83","1,06","0,0","0,0","0,0","0,0","0,0","--","--","51:24","0:00","0,0","0:00","Não","00:02.05","9","0,0","00:51:22","00:51:24","17","51"
Corrida,2020-12-31 10:06:13,false,"Corrida","8,01","601","00:48:30","--","--","--","156","164","6:03","4:59","--","--","1,06","0,0","0,0","0,0","0,0","0,0","--","--","48:30","0:00","0,0","0:00","Não","00:02.35","9","0,0","00:48:28","00:48:30","--","--"
Corrida,2020-12-26 06:53:23,false,"Corrida","12,01","900","01:14:12","--","--","--","153","164","6:11","5:03","--","--","1,06","0,0","0,0","0,0","0,0","0,0","--","--","1:14:12","0:00","0,0","0:00","Não","00:04.68","13","0,0","01:14:10","01:14:12","--","--"
Corrida,2020-12-22 06:37:37,false,"Blumenau - 10 x 400 - intervalo 1 minuto","8,45","585","01:07:14","--","--","--","126","181","7:57","3:41","13","17","0,98","0,0","0,0","0,0","0,0","0,0","--","--","1:07:14","0:00","0,0","0:00","Não","01:00.00","23","0,0","00:58:50","01:07:14","12","29"
Corrida,2020-12-20 20:48:46,false,"Corrida","3,01","156","00:34:40","--","--","--","112","130","11:31","9:30","--","--","0,78","0,0","0,0","0,0","0,0","0,0","--","--","34:40","0:00","0,0","0:00","Não","00:07.04","4","0,0","00:34:40","00:34:40","--","--"
Corrida,2020-12-17 06:37:53,false,"Blumenau - 8 x 500m com intervalo 2min caminhando","7,42","515","00:52:59","--","--","--","138","240","7:08","3:44","15","17","0,98","0,0","0,0","0,0","0,0","0,0","--","--","52:59","0:00","0,0","0:00","Não","02:00.00","18","0,0","00:52:55","00:52:59","12","29"
Corrida,2020-12-15 06:28:31,false,"Corrida","8,00","565","00:58:13","--","--","--","133","164","7:16","5:31","--","--","1,02","0,0","0,0","0,0","0,0","0,0","--","--","58:13","0:00","0,0","0:00","Não","00:05.71","9","0,0","00:58:11","00:58:13","--","--"
Corrida,2020-12-13 07:22:58,false,"Gaspar Corrida","13,44","885","01:52:17","--","--","--","127","246","8:21","2:42","449","496","0,94","0,0","0,0","0,0","0,0","0,0","--","--","1:52:17","0:00","0,0","0:00","Não","03:07.57","14","0,0","01:48:39","01:52:17","90","374"
Corrida,2020-12-10 06:43:18,false,"Blumenau Corrida","7,34","505","00:54:00","--","--","--","139","175","7:22","3:42","19","21","0,95","0,0","0,0","0,0","0,0","0,0","--","--","54:00","0:00","0,0","0:00","Não","12:23.58","3","0,0","00:54:00","00:54:00","12","28"
Corrida,2020-12-08 06:34:04,false,"Blumenau Corrida","7,38","496","00:52:47","--","--","--","139","173","7:09","3:41","15","17","0,97","0,0","0,0","0,0","0,0","0,0","--","--","52:47","0:00","0,0","0:00","Não","01:00.00","8","0,0","00:52:25","00:53:22","12","29"
Corrida,2020-12-05 07:09:03,false,"Blumenau Corrida","7,54","536","00:51:05","--","--","--","134","246","6:46","4:18","22","27","1,20","0,0","0,0","0,0","0,0","0,0","--","--","51:05","0:00","0,0","0:00","Não","04:00.00","8","0,0","00:44:04","00:51:33","12","30"
Corrida,2020-12-01 18:34:24,false,"Corrida","6,79","494","00:40:03","--","--","--","155","161","5:54","5:19","--","--","1,09","0,0","0,0","0,0","0,0","0,0","--","--","40:03","0:00","0,0","0:00","Não","04:33.26","7","0,0","00:40:02","00:40:03","--","--"
Corrida,2020-11-28 06:10:16,false,"Ilhota Corrida","22,01","1.437","02:50:34","--","--","--","124","182","7:45","4:20","858","861","1,04","0,0","0,0","0,0","0,0","0,0","--","--","2:50:34","0:00","0,0","0:00","Não","00:05.52","23","0,0","02:49:22","02:50:34","209","514"
Corrida,2020-11-26 06:26:45,false,"Blumenau Corrida","10,12","728","01:02:06","--","--","--","158","171","6:08","4:59","45","50","1,03","0,0","0,0","0,0","0,0","0,0","--","--","1:02:06","0:00","0,0","0:00","Não","01:21.53","11","0,0","01:02:04","01:02:06","12","41"
Corrida,2020-11-24 06:51:15,false,"Blumenau Corrida","10,43","700","01:13:12","--","--","--","134","173","7:01","3:59","32","35","1,02","0,0","0,0","0,0","0,0","0,0","--","--","1:13:12","0:00","0,0","0:00","Não","01:00.00","26","0,0","01:10:21","01:13:12","12","28"
Corrida,2020-11-21 07:31:30,false,"Blumenau Corrida","10,01","694","01:03:31","--","--","--","151","168","6:21","4:08","143","144","1,04","0,0","0,0","0,0","0,0","0,0","--","--","1:03:31","0:00","0,0","0:00","Não","00:01.88","11","0,0","01:03:27","01:03:31","20","78"
Corrida,2020-11-19 06:58:23,false,"Corrida","5,01","365","00:29:34","--","--","--","157","167","5:54","5:18","--","--","1,08","0,0","0,0","0,0","0,0","0,0","--","--","29:34","0:00","0,0","0:00","Não","00:02.80","6","0,0","00:29:33","00:29:34","--","--"
Corrida,2020-11-17 06:39:41,false,"Blumenau - 2 x 5km progressivo","9,82","713","00:57:25","--","--","--","160","171","5:51","3:50","42","45","1,06","0,0","0,0","0,0","0,0","0,0","--","--","57:25","0:00","0,0","0:00","Não","00:03.08","11","0,0","00:57:23","00:57:37","12","41"
Corrida,2020-11-15 07:56:58,false,"Blumenau Corrida","12,01","843","01:20:55","--","--","--","151","169","6:44","1:30","178","170","0,98","0,0","0,0","0,0","0,0","0,0","--","--","1:20:55","0:00","0,0","0:00","Não","00:01.65","13","0,0","01:19:30","01:20:55","-6","78"
Corrida,2020-11-12 18:45:39,false,"8 x 800m com intervalo 2min caminhando","8,84","607","00:59:01","--","--","--","143","168","6:41","5:01","--","--","1,03","0,0","0,0","0,0","0,0","0,0","--","--","59:01","0:00","0,0","0:00","Não","00:06.03","18","0,0","00:58:57","00:59:01","--","--"
Corrida,2020-11-10 06:36:49,false,"Corrida","10,03","732","01:03:26","--","--","--","156","164","6:19","5:38","--","--","1,02","0,0","0,0","0,0","0,0","0,0","--","--","1:03:26","0:00","0,0","0:00","Não","00:12.12","11","0,0","01:03:24","01:03:26","--","--"
Corrida,2020-11-07 07:35:14,false,"Blumenau - 10 x 200m SUBIDA","9,66","642","01:10:38","--","--","--","144","175","7:19","4:55","176","179","0,94","0,0","0,0","0,0","0,0","0,0","--","--","1:10:38","0:00","0,0","0:00","Não","01:06.85","22","0,0","01:10:31","01:11:49","12","40"
Corrida,2020-11-05 06:39:04,false,"Blumenau Corrida","10,01","720","00:58:46","--","--","--","161","171","5:52","5:12","71","75","1,05","0,0","0,0","0,0","0,0","0,0","--","--","58:46","0:00","0,0","0:00","Não","00:02.86","11","0,0","00:58:44","00:58:46","12","56"
Corrida,2020-10-31 07:40:01,false,"Blumenau Corrida","7,01","511","00:42:09","--","--","--","161","170","6:01","5:04","75","77","1,03","0,0","0,0","0,0","0,0","0,0","--","--","42:09","0:00","0,0","0:00","Não","00:03.85","8","0,0","00:42:07","00:42:09","20","63"
Corrida,2020-10-29 06:43:47,false,"Blumenau Corrida","7,01","513","00:41:18","--","--","--","159","170","5:54","5:13","53","54","1,07","0,0","0,0","0,0","0,0","0,0","--","--","41:18","0:00","0,0","0:00","Não","00:02.58","8","0,0","00:41:17","00:41:18","12","56"
Corrida,2020-10-27 19:11:01,false,"2 x 3km com intervalo 3min caminhando","7,56","539","00:46:06","--","--","--","151","170","6:06","4:59","--","--","1,07","0,0","0,0","0,0","0,0","0,0","--","--","46:06","0:00","0,0","0:00","Não","00:50.52","6","0,0","00:45:41","00:46:06","--","--"
Corrida,2020-10-24 07:58:44,false,"Blumenau Corrida","11,58","834","01:14:13","--","--","--","158","173","6:24","5:12","166","171","0,99","0,0","0,0","0,0","0,0","0,0","--","--","1:14:13","0:00","0,0","0:00","Não","03:30.65","12","0,0","01:14:12","01:14:13","20","116"
Corrida,2020-10-22 18:09:48,false,"6 x 1km com intervalo 3min parado","7,29","528","00:55:44","--","--","--","114","170","7:39","4:36","--","--","1,10","0,0","0,0","0,0","0,0","0,0","--","--","55:44","0:00","0,0","0:00","Não","00:01.54","14","0,0","00:47:54","00:55:44","--","--"
Corrida,2020-10-20 06:33:32,false,"Blumenau Corrida","10,01","731","00:59:07","--","--","--","162","171","5:54","5:26","75","85","1,04","0,0","0,0","0,0","0,0","0,0","--","--","59:07","0:00","0,0","0:00","Não","00:03.02","11","0,0","00:59:05","00:59:07","12","56"
Corrida,2020-10-18 08:25:22,false,"Blumenau - 4 x 2km com intervalo 3min caminhando","11,20","776","01:14:31","--","--","--","149","170","6:39","4:23","97","98","0,99","0,0","0,0","0,0","0,0","0,0","--","--","1:14:31","0:00","0,0","0:00","Não","03:00.00","10","0,0","01:14:30","01:14:31","15","60"
Corrida,2020-10-15 06:38:53,false,"Blumenau Corrida","10,01","720","00:56:38","--","--","--","157","173","5:40","4:48","66","67","1,12","0,0","0,0","0,0","0,0","0,0","--","--","56:38","0:00","0,0","0:00","Não","00:02.06","11","0,0","00:56:36","00:56:38","12","56"
Corrida,2020-10-13 06:55:16,false,"Blumenau - 8 x 600m com intervalo 2min caminhando","9,25","621","01:03:17","--","--","--","142","169","6:50","4:49","17","23","1,02","0,0","0,0","0,0","0,0","0,0","--","--","1:03:17","0:00","0,0","0:00","Não","02:00.00","18","0,0","01:03:16","01:03:17","12","28"
Corrida,2020-10-10 07:16:20,false,"Blumenau Corrida","10,01","718","00:59:33","--","--","--","159","173","5:57","3:55","118","125","1,05","0,0","0,0","0,0","0,0","0,0","--","--","59:33","0:00","0,0","0:00","Não","00:01.42","11","0,0","00:59:15","00:59:33","20","59"
Corrida,2020-10-06 06:44:21,false,"Blumenau Corrida","7,62","561","00:45:01","--","--","--","163","171","5:55","4:08","48","62","1,04","0,0","0,0","0,0","0,0","0,0","--","--","45:01","0:00","0,0","0:00","Não","03:27.49","8","0,0","00:44:53","00:45:01","12","56"
Corrida,2020-10-04 09:13:23,false,"Blumenau Corrida","10,01","730","00:57:39","--","--","--","164","173","5:46","5:02","57","59","1,06","0,0","0,0","0,0","0,0","0,0","--","--","57:39","0:00","0,0","0:00","Não","00:02.88","11","0,0","00:57:37","00:57:39","12","56"
Corrida,2020-10-01 06:44:56,false,"Blumenau - Progressivo - leve p/ forte","6,01","444","00:37:21","--","--","--","162","170","6:13","5:07","6","22","0,99","0,0","0,0","0,0","0,0","0,0","--","--","37:21","0:00","0,0","0:00","Não","00:03.76","4","0,0","00:37:19","00:37:21","12","29"
Corrida,2020-09-29 06:40:27,false,"Blumenau - Run Workout","9,01","665","00:55:23","--","--","--","162","171","6:09","4:43","10","17","1,00","0,0","0,0","0,0","0,0","0,0","--","--","55:23","0:00","0,0","0:00","Não","00:02.98","4","0,0","00:55:23","00:55:23","12","29"
Corrida,2020-09-27 07:52:59,false,"Blumenau - 10 x 1min Moderado/Forte - 2min leve","7,87","577","00:50:11","--","--","--","161","169","6:23","4:05","7","21","0,97","0,0","0,0","0,0","0,0","0,0","--","--","50:11","0:00","0,0","0:00","Não","00:07.58","22","0,0","00:50:10","00:50:11","12","29"
Corrida,2020-09-24 07:09:25,false,"Blumenau Corrida","8,03","579","00:47:55","--","--","--","160","173","5:58","4:25","82","83","1,05","0,0","0,0","0,0","0,0","0,0","--","--","47:55","0:00","0,0","0:00","Não","00:09.28","9","0,0","00:47:54","00:47:55","22","61"
Corrida,2020-09-22 07:12:19,false,"Blumenau Corrida","5,30","374","00:34:34","--","--","--","121","173","6:32","0:17","9","12","1,24","0,0","0,0","0,0","0,0","0,0","--","--","34:34","0:00","0,0","0:00","Não","00:03.91","22","0,0","00:26:42","00:34:36","12","23"
Corrida,2020-09-22 07:05:21,false,"Blumenau Corrida","1,06","76","00:06:36,7","--","--","--","155","162","6:16","5:42","--","8","1,03","0,0","0,0","0,0","0,0","0,0","--","--","6:36,7","0:00","0,0","0:00","Não","00:09.83","3","0,0","00:06:36,7","00:06:38,0","18","29"
Corrida,2020-09-20 08:21:23,false,"Blumenau Corrida","8,01","586","00:46:36","--","--","--","160","169","5:49","3:30","48","48","1,07","0,0","0,0","0,0","0,0","0,0","--","--","46:36","0:00","0,0","0:00","Não","00:02.36","9","0,0","00:46:34","00:46:36","12","56"
Corrida,2020-09-17 07:09:10,false,"Corrida","6,53","462","00:40:57","--","--","--","142","168","6:16","4:56","--","--","1,12","0,0","0,0","0,0","0,0","0,0","--","--","40:57","0:00","0,0","0:00","Não","00:01.79","18","0,0","00:39:43","00:41:00","--","--"
Corrida,2020-09-15 07:05:19,false,"Blumenau Corrida","5,10","372","00:30:03","--","--","--","157","164","5:54","5:32","18","21","1,08","0,0","0,0","0,0","0,0","0,0","--","--","30:03","0:00","0,0","0:00","Não","00:33.33","6","0,0","00:30:02","00:30:03","12","33"
Corrida,2020-09-10 07:08:57,false,"Blumenau Corrida","7,01","504","00:41:19","--","--","--","158","169","5:54","5:01","29","34","1,07","0,0","0,0","0,0","0,0","0,0","--","--","41:19","0:00","0,0","0:00","Não","00:02.74","8","0,0","00:41:17","00:41:19","12","37"
Corrida,2020-09-08 07:02:57,false,"8 x 400m com intervalo 2min caminhando","7,61","528","00:53:38","--","--","--","135","236","7:03","4:38","--","--","1,04","0,0","0,0","0,0","0,0","0,0","--","--","53:38","0:00","0,0","0:00","Não","00:02.94","19","0,0","00:52:43","00:53:55","--","--"
Corrida,2020-09-06 08:36:41,false,"Blumenau Corrida","7,01","517","00:40:46","--","--","--","159","170","5:49","1:10","68","71","1,08","0,0","0,0","0,0","0,0","0,0","--","--","40:46","0:00","0,0","0:00","Não","00:03.94","8","0,0","00:40:39","00:40:46","-3","59"
Corrida,2020-09-03 07:09:45,false,"Blumenau - Progressivo 3 etapas","6,01","435","00:34:16","--","--","--","157","169","5:42","3:25","8","14","1,11","0,0","0,0","0,0","0,0","0,0","--","--","34:16","0:00","0,0","0:00","Não","00:03.43","7","0,0","00:34:15","00:34:16","12","29"
Corrida,2020-09-01 07:12:23,false,"4 x 1km com intervalo 3min caminhando","5,87","406","00:41:47","--","--","--","132","160","7:07","5:07","--","--","1,04","0,0","0,0","0,0","0,0","0,0","--","--","41:47","0:00","0,0","0:00","Não","00:02.53","10","0,0","00:41:07","00:41:47","--","--"
Corrida,2020-08-29 07:59:57,false,"Blumenau Corrida","7,00","511","00:43:00","--","--","--","155","169","6:08","4:27","98","82","1,05","0,0","0,0","0,0","0,0","0,0","--","--","43:00","0:00","0,0","0:00","Não","00:01.62","8","0,0","00:42:59","00:43:00","22","60"
Corrida,2020-08-27 07:10:51,false,"Blumenau - 6 x 500m com intervalo 2min parado","5,24","375","00:39:19","--","--","--","115","176","7:30","0:52","9","11","1,12","0,0","0,0","0,0","0,0","0,0","--","--","39:19","0:00","0,0","0:00","Não","00:03.92","15","0,0","00:28:37","00:39:19","12","22"
Corrida,2020-08-25 07:15:46,false,"Blumenau Corrida","6,01","439","00:35:24","--","--","--","160","167","5:53","3:49","46","49","1,06","0,0","0,0","0,0","0,0","0,0","--","--","35:24","0:00","0,0","0:00","Não","00:01.95","7","0,0","00:35:22","00:35:24","21","54"
Corrida,2020-08-22 09:33:13,false,"Blumenau - Run Workout","6,04","446","00:39:17","177","191","4,9","153","168","6:30","4:45","96","73","1,00","0,0","0,0","0,0","0,0","0,0","--","--","39:17","0:00","0,0","0:00","Não","00:21.46","10","0,0","00:38:43","00:39:17","21","59"
Corrida,2020-08-20 07:08:44,false,"Corrida","5,01","333","00:30:45","171","182","4,0","152","158","6:08","5:39","--","--","1,08","0,0","0,0","0,0","0,0","0,0","--","--","30:45","0:00","0,0","0:00","Não","00:04.51","6","0,0","00:30:43","00:30:45","--","--"
Corrida,2020-08-18 07:07:53,false,"5 x 500m com intervalo 2min caminhando","4,51","320","00:32:50","158","179","3,4","132","158","7:17","5:14","--","--","1,03","0,0","0,0","0,0","0,0","0,0","--","--","32:50","0:00","0,0","0:00","Não","00:04.47","12","0,0","00:30:18","00:32:50","53","53"
Corrida,2020-08-15 09:13:51,false,"Corrida","5,01","335","00:29:07","177","190","4,5","153","159","5:49","5:24","--","--","1,12","0,0","0,0","0,0","0,0","0,0","--","--","29:07","0:00","0,0","0:00","Não","00:04.11","6","0,0","00:29:06","00:29:07","--","--"
Corrida,2020-08-13 17:37:19,false,"5 x 400m com intervalo 2min caminhando","3,89","277","00:27:25","162","187","3,5","132","160","7:02","4:31","--","--","1,06","0,0","0,0","0,0","0,0","0,0","--","--","27:25","0:00","0,0","0:00","Não","00:02.34","12","0,0","00:24:54","00:27:25","--","--"
Corrida,2020-08-11 07:09:15,false,"Blumenau Corrida","4,01","272","00:24:06","176","190","4,2","157","164","6:01","3:50","7","14","1,06","0,0","0,0","0,0","0,0","0,0","--","--","24:06","0:00","0,0","0:00","Não","00:03.34","5","0,0","00:24:06","00:24:06","12","29"
Corrida,2020-08-08 07:17:47,false,"Blumenau - Run Workout","3,01","205","00:18:48","173","188","3,6","157","165","6:15","3:57","13","19","1,02","0,0","0,0","0,0","0,0","0,0","--","--","18:48","0:00","0,0","0:00","Não","00:05.08","11","0,0","00:18:47","00:18:48","12","30"
Corrida,2020-08-06 07:15:12,false,"Blumenau Corrida","3,51","243","00:20:57","178","191","4,0","157","164","5:59","4:34","10","16","1,07","0,0","0,0","0,0","0,0","0,0","--","--","20:57","0:00","0,0","0:00","Não","03:00.08","4","0,0","00:20:56","00:20:57","12","33"
Corrida,2020-08-04 07:18:02,false,"Blumenau - Run Workout","3,90","296","00:28:25","165","185","3,7","141","164","7:17","4:10","26","21","0,96","0,0","0,0","0,0","0,0","0,0","--","--","28:25","0:00","0,0","0:00","Não","00:02.91","7","0,0","00:28:14","00:28:25","12","31"
Corrida,2020-08-02 08:46:30,false,"Blumenau Corrida","3,01","211","00:18:09","177","191","3,8","157","164","6:02","5:42","8","14","1,06","0,0","0,0","0,0","0,0","0,0","--","--","18:09","0:00","0,0","0:00","Não","00:03.33","4","0,0","00:18:08","00:18:09","12","29"
Corrida,2020-07-28 07:17:22,false,"Blumenau Corrida","3,01","207","00:18:14","173","189","3,6","156","162","6:03","5:41","5","16","1,06","0,0","0,0","0,0","0,0","0,0","--","--","18:14","0:00","0,0","0:00","Não","00:03.54","4","0,0","00:18:13","00:18:14","12","29"
Corrida,2020-07-26 08:56:06,false,"Blumenau Corrida","3,20","234","00:24:36","153","176","3,1","128","160","7:41","2:26","63","60","1,01","0,0","0,0","0,0","0,0","0,0","--","--","24:36","0:00","0,0","0:00","Não","02:59.17","8","0,0","00:24:34","00:24:36","11","37"
Corrida,2020-07-23 18:24:30,false,"Blumenau Corrida","2,51","171","00:16:08","161","177","3,1","152","158","6:26","4:11","81","88","1,01","0,0","0,0","0,0","0,0","0,0","--","--","16:08","0:00","0,0","0:00","Não","03:14.96","3","0,0","00:16:07","00:16:08","19","56"
Corrida,2020-07-21 06:59:19,false,"Blumenau - Run Workout","3,91","282","00:27:31","162","182","3,6","142","160","7:03","3:50","13","19","0,99","0,0","0,0","0,0","0,0","0,0","--","--","27:31","0:00","0,0","0:00","Não","00:03.15","7","0,0","00:27:31","00:27:31","12","28"
Corrida,2020-07-18 08:25:23,false,"Blumenau Corrida","2,01","140","00:11:55","174","191","3,2","155","162","5:56","2:00","4","12","1,08","0,0","0,0","0,0","0,0","0,0","--","--","11:55","0:00","0,0","0:00","Não","00:02.78","3","0,0","00:11:55","00:11:55","17","31"
Corrida,2020-07-16 18:20:29,false,"Run Workout","3,81","290","00:34:44","139","172","3,2","116","160","9:08","4:57","--","--","0,92","0,0","0,0","0,0","0,0","0,0","--","--","34:44","0:00","0,0","0:00","Não","00:03.23","10","0,0","00:32:12","00:34:44","--","--"
Corrida,2020-07-14 06:57:06,false,"Corrida","2,58","200","00:30:01","122","135","1,9","107","135","11:39","8:53","--","--","0,80","0,0","0,0","0,0","0,0","0,0","--","--","30:01","0:00","0,0","0:00","Não","07:00.73","3","0,0","00:29:27","00:30:01","--","--"
Corrida,2020-07-11 08:17:04,false,"Blumenau Corrida","2,01","141","00:11:39","176","190","3,3","157","162","5:48","4:50","--","6","1,10","0,0","0,0","0,0","0,0","0,0","--","--","11:39","0:00","0,0","0:00","Não","00:04.06","3","0,0","00:11:39","00:11:39","16","32"
Corrida,2020-07-09 07:01:05,false,"Blumenau - Run Workout","3,84","325","00:27:52","169","188","4,2","141","163","7:16","5:47","15","23","0,96","0,0","0,0","0,0","0,0","0,0","--","--","27:52","0:00","0,0","0:00","Não","00:04.85","7","0,0","00:27:50","00:27:52","12","31"
Corrida,2020-07-07 07:12:25,false,"Corrida","2,01","145","00:12:37","166","180","3,1","152","158","6:17","5:42","--","--","1,05","0,0","0,0","0,0","0,0","0,0","--","--","12:37","0:00","0,0","0:00","Não","00:02.55","3","0,0","00:12:33","00:12:37","--","--"
Corrida,2020-06-24 19:11:00,false,"Blumenau Corrida","1,95","142","00:12:31","--","--","--","149","160","6:24","3:36","13","11","1,05","0,0","0,0","0,0","0,0","0,0","--","--","12:31","0:00","0,0","0:00","Não","00:01.60","4","0,0","00:12:12","00:23:59","17","33"
Ciclismo,2020-06-22 06:55:17,false,"Blumenau Ciclismo","11,53","554","00:44:58","167","185","5,0","--","--","15,4","38,3","106","111","0,00","0,0","0,0","0,0","0,0","0,0","--","--","44:58","0:00","0,0","0:00","Não","10:01.20","3","0,0","00:42:07","00:44:58","15","58"
Corrida,2020-06-10 06:58:12,false,"Corrida","5,49","289","01:00:03","115","128","1,8","110","138","10:57","8:21","--","--","0,84","0,0","0,0","0,0","0,0","0,0","--","--","1:00:03","0:00","0,0","0:00","Não","05:30.44","6","0,0","00:58:28","01:00:03","--","--"
Corrida,2020-06-08 07:11:00,false,"Blumenau Corrida","4,77","256","00:39:38","134","165","2,8","116","164","8:19","5:18","16","19","1,04","0,0","0,0","0,0","0,0","0,0","--","--","39:38","0:00","0,0","0:00","Não","05:55.26","5","0,0","00:39:31","00:39:38","12","28"
Corrida,2020-06-03 06:58:10,false,"Blumenau - Run Workout","8,80","630","01:02:59","162","188","5,0","134","174","7:09","3:27","14","17","1,01","0,0","0,0","0,0","0,0","0,0","--","--","1:02:59","0:00","0,0","0:00","Não","01:30.00","22","0,0","01:02:44","01:02:59","14","30"
Corrida em esteira,2020-06-01 17:38:45,false,"Corrida","0,00","680","00:47:20","171","186","--","--","--","--","--","--","--","0,00","0,0","0,0","0,0","0,0","0,0","--","--","47:20","0:00","0,0","0:00","Não","00:00.00","1","0,0","00:00:00","00:47:20","--","--"
Corrida,2020-05-29 17:54:44,false,"Corrida","0,00","794","01:00:58","163","181","--","--","--","--","--","--","--","0,00","0,0","0,0","0,0","0,0","0,0","--","--","1:00:58","0:00","0,0","0:00","Não","00:00.00","1","0,0","00:00:00","01:00:58","--","--"
Corrida,2020-05-27 06:56:19,false,"Blumenau Corrida","8,58","756","00:54:06","169","181","--","--","--","6:19","3:08","95","100","0,00","0,0","0,0","0,0","0,0","0,0","--","--","54:06","0:00","0,0","0:00","Não","00:00.00","1","0,0","00:52:43","00:56:03","12","56"
Corrida,2020-05-25 07:11:42,false,"Blumenau Corrida","1,90","147","00:19:00","128","143","--","--","--","10:01","8:32","15","5","0,00","0,0","0,0","0,0","0,0","0,0","--","--","19:00","0:00","0,0","0:00","Não","00:00.00","1","0,0","00:19:00","00:19:00","12","28"
Corrida,2020-05-25 07:06:09,false,"Blumenau Corrida","1,00","64","00:04:22,2","174","180","--","--","--","4:22","3:54","1","--","0,00","0,0","0,0","0,0","0,0","0,0","--","--","4:22,2","0:00","0,0","0:00","Não","00:00.00","1","0,0","00:04:22","00:04:22,2","12","16"
Corrida,2020-05-25 06:52:36,false,"Blumenau Corrida","1,46","80","00:12:56","118","160","--","--","--","8:52","5:52","3","17","0,00","0,0","0,0","0,0","0,0","0,0","--","--","12:56","0:00","0,0","0:00","Não","00:00.00","1","0,0","00:12:56","00:12:56","12","26"
Corrida em esteira,2020-05-22 16:20:09,false,"Corrida","0,00","627","00:49:18","161","190","--","--","--","--","--","--","--","0,00","0,0","0,0","0,0","0,0","0,0","--","--","49:18","0:00","0,0","0:00","Não","00:00.00","1","0,0","00:00:00","00:49:18","--","--"
Corrida,2020-05-20 17:22:39,false,"Blumenau Corrida","5,90","516","00:35:35","172","185","--","--","--","6:02","5:05","64","68","0,00","0,0","0,0","0,0","0,0","0,0","--","--","35:35","0:00","0,0","0:00","Não","00:00.00","1","0,0","00:35:29","00:35:35","12","56"
Corrida,2020-05-17 08:35:35,false,"Blumenau Corrida","13,51","1.185","01:25:57","168","204","--","--","--","6:22","2:11","221","225","0,00","0,0","0,0","0,0","0,0","0,0","--","--","1:25:57","0:00","0,0","0:00","Não","00:00.00","1","0,0","01:25:57","01:25:57","20","117"
Corrida em esteira,2020-05-15 18:08:07,false,"Corrida","0,00","557","00:40:12","168","180","--","--","--","--","--","--","--","0,00","0,0","0,0","0,0","0,0","0,0","--","--","40:12","0:00","0,0","0:00","Não","00:00.00","1","0,0","00:00:00","00:40:12","--","--"
Corrida em esteira,2020-05-13 18:59:10,false,"Corrida","0,00","608","00:46:26","163","187","--","--","--","--","--","--","--","0,00","0,0","0,0","0,0","0,0","0,0","--","--","46:26","0:00","0,0","0:00","Não","00:00.00","1","0,0","00:00:00","00:46:26","--","--"
Treino de força,2020-05-12 06:55:30,false,"Musculação","0,00","331","00:57:42","115","152","--","--","--","--","--","--","--","0,00","0,0","0,0","0,0","0,0","0,0","--","--","57:42","0:00","0,0","0:00","Não","00:00.00","1","0,0","00:00:00","00:57:42","--","--"
Corrida,2020-05-11 06:59:45,false,"Blumenau Corrida","6,02","473","00:34:55","166","183","--","--","--","5:48","2:12","63","67","0,00","0,0","0,0","0,0","0,0","0,0","--","--","34:55","0:00","0,0","0:00","Não","00:10.37","4","0,0","00:32:12","00:34:55","22","55"
Corrida,2020-05-10 08:56:49,false,"Blumenau Corrida","12,82","1.125","01:18:55","171","182","--","--","--","6:09","2:23","188","192","0,00","0,0","0,0","0,0","0,0","0,0","--","--","1:18:55","0:00","0,0","0:00","Não","00:00.00","1","0,0","01:18:55","01:18:55","20","117"
Corrida,2020-05-08 06:49:48,false,"Blumenau Corrida","4,71","538","00:41:37","164","184","--","--","--","8:50","1:00","75","75","0,00","0,0","0,0","0,0","0,0","0,0","--","--","41:37","0:00","0,0","0:00","Não","00:55.56","21","0,0","00:36:04","00:41:37","18","36"
Treino de força,2020-05-07 18:41:01,false,"Musculação","0,00","290","00:52:56","113","158","--","--","--","--","--","--","--","0,00","0,0","0,0","0,0","0,0","0,0","--","--","52:56","0:00","0,0","0:00","Não","00:00.00","1","0,0","00:00:00","00:52:56","--","--"
Corrida,2020-05-06 06:41:37,false,"Blumenau Corrida","9,24","822","00:56:30","173","184","--","--","--","6:07","4:03","104","107","0,00","0,0","0,0","0,0","0,0","0,0","--","--","56:30","0:00","0,0","0:00","Não","01:23.65","10","0,0","00:56:28","00:56:30","12","56"
Treino de força,2020-05-05 06:31:09,false,"Musculação","0,00","212","01:00:23","100","122","--","--","--","--","--","--","--","0,00","0,0","0,0","0,0","0,0","0,0","--","--","1:00:23","0:00","0,0","0:00","Não","00:00.00","1","0,0","00:00:00","01:00:23","--","--"
Corrida,2020-05-04 17:35:48,false,"Blumenau Corrida","6,00","503","00:36:54","167","183","--","--","--","6:09","1:49","65","69","0,00","0,0","0,0","0,0","0,0","0,0","--","--","36:54","0:00","0,0","0:00","Não","02:57.84","5","0,0","00:32:57","00:36:54","22","55"
Corrida,2020-05-03 08:45:24,false,"Blumenau Corrida","10,30","860","01:00:01","172","184","--","--","--","5:50","3:17","110","109","0,00","0,0","0,0","0,0","0,0","0,0","--","--","1:00:01","0:00","0,0","0:00","Não","01:39.89","11","0,0","00:59:58","01:00:01","14","60"
Corrida,2020-05-01 08:21:11,false,"Blumenau Corrida","11,60","1.036","01:12:38","171","183","--","--","--","6:16","4:36","178","184","0,00","0,0","0,0","0,0","0,0","0,0","--","--","1:12:38","0:00","0,0","0:00","Não","00:00.00","1","0,0","01:12:38","01:12:38","20","116"
Treino de força,2020-04-30 18:43:03,false,"Musculação","0,00","216","00:41:17","111","161","--","--","--","--","--","--","--","0,00","0,0","0,0","0,0","0,0","0,0","--","--","41:17","0:00","0,0","0:00","Não","00:00.00","1","0,0","00:00:00","00:41:17","--","--"
Corrida,2020-04-29 06:31:42,false,"Blumenau Corrida","6,41","586","00:51:44","153","182","--","--","--","8:04","3:47","18","30","0,00","0,0","0,0","0,0","0,0","0,0","--","--","51:44","0:00","0,0","0:00","Não","00:05.33","22","0,0","00:40:38","00:51:44","12","31"
Treino de força,2020-04-28 06:29:00,false,"Musculação","0,00","179","00:56:14","98","120","--","--","--","--","--","--","--","0,00","0,0","0,0","0,0","0,0","0,0","--","--","56:14","0:00","0,0","0:00","Não","00:00.00","1","0,0","00:00:00","00:56:14","--","--"
Corrida,2020-04-27 06:30:05,false,"Blumenau Corrida","7,00","577","00:45:17","162","182","--","--","--","6:28","2:33","24","40","0,00","0,0","0,0","0,0","0,0","0,0","--","--","45:17","0:00","0,0","0:00","Não","01:00.28","9","0,0","00:40:52","00:45:17","12","28"
Corrida,2020-04-25 07:36:09,false,"Blumenau Corrida","9,44","871","01:00:01","173","186","--","--","--","6:21","2:31","143","147","0,00","0,0","0,0","0,0","0,0","0,0","--","--","1:00:01","0:00","0,0","0:00","Não","02:36.71","10","0,0","00:59:34","01:00:01","21","71"
Corrida,2020-04-24 17:27:20,false,"Blumenau Corrida","8,00","708","00:48:39","173","184","--","--","--","6:05","2:41","117","116","0,00","0,0","0,0","0,0","0,0","0,0","--","--","48:39","0:00","0,0","0:00","Não","05:47.12","8","0,0","00:48:37","00:48:39","21","60"
Treino de força,2020-04-23 06:30:02,false,"Musculação","0,00","355","00:56:05","119","161","--","--","--","--","--","--","--","0,00","0,0","0,0","0,0","0,0","0,0","--","--","56:05","0:00","0,0","0:00","Não","00:00.00","1","0,0","00:00:00","00:56:05","--","--"
Corrida,2020-04-22 06:30:38,false,"Blumenau Corrida","9,01","758","00:54:32","169","184","--","--","--","6:03","3:08","138","140","0,00","0,0","0,0","0,0","0,0","0,0","--","--","54:32","0:00","0,0","0:00","Não","00:08.21","13","0,0","00:54:29","00:54:32","21","59"
Corrida,2020-04-20 06:59:59,false,"Blumenau Corrida","5,00","426","00:31:00","168","187","--","--","--","6:12","4:13","11","25","0,00","0,0","0,0","0,0","0,0","0,0","--","--","31:00","0:00","0,0","0:00","Não","01:09.44","7","0,0","00:26:20","00:31:00","12","30"
Corrida,2020-04-18 07:17:43,false,"Blumenau Corrida","9,69","881","01:00:02","174","184","--","--","--","6:12","2:25","147","151","0,00","0,0","0,0","0,0","0,0","0,0","--","--","1:00:02","0:00","0,0","0:00","Não","03:59.79","10","0,0","01:00:00","01:00:02","22","73"
Corrida,2020-04-17 06:50:24,false,"Blumenau Corrida","5,16","433","00:30:02","172","187","--","--","--","5:49","4:41","27","30","0,00","0,0","0,0","0,0","0,0","0,0","--","--","30:02","0:00","0,0","0:00","Não","00:00.00","1","0,0","00:30:01","00:30:02","12","29"
Corrida,2020-04-16 06:30:58,false,"Musculação","0,00","267","00:43:50","117","150","--","--","--","--","--","--","--","0,00","0,0","0,0","0,0","0,0","0,0","--","--","43:50","0:00","0,0","0:00","Não","00:00.00","1","0,0","00:00:00","00:43:50","--","--"
Corrida,2020-04-15 06:57:11,false,"Blumenau Corrida","5,23","456","00:32:06","172","191","--","--","--","6:08","4:24","18","33","0,00","0,0","0,0","0,0","0,0","0,0","--","--","32:06","0:00","0,0","0:00","Não","00:04.61","12","0,0","00:29:20","00:32:06","12","30"
Corrida,2020-04-14 07:28:53,false,""Musculação" em casa","0,00","403","00:43:43","138","170","--","--","--","--","--","--","--","0,00","0,0","0,0","0,0","0,0","0,0","--","--","43:43","0:00","0,0","0:00","Não","00:00.00","1","0,0","00:00:00","00:43:43","--","--"
Corrida,2020-04-13 06:45:27,false,"Blumenau Corrida","5,32","470","00:30:01","180","194","--","--","--","5:39","5:13","42","48","0,00","0,0","0,0","0,0","0,0","0,0","--","--","30:01","0:00","0,0","0:00","Não","00:00.00","1","0,0","00:30:01","00:30:01","12","38"
Corrida,2020-04-11 08:28:23,false,"Blumenau Corrida","5,23","465","00:30:01","179","192","--","--","--","5:44","1:04","45","50","0,00","0,0","0,0","0,0","0,0","0,0","--","--","30:01","0:00","0,0","0:00","Não","00:00.00","1","0,0","00:30:01","00:30:01","22","45"
Corrida,2020-04-08 07:46:34,false,"Blumenau Corrida","5,19","346","00:40:47","--","--","--","--","--","7:52","1:03","21","20","0,00","0,0","0,0","0,0","0,0","0,0","--","--","40:47","0:00","0,0","0:00","Não","02:01.44","14","0,0","00:40:46","00:40:47","18","26"
Corrida,2020-04-06 08:28:29,false,"Blumenau Corrida","3,57","312","00:33:33","139","178","--","--","--","9:24","0:35","16","16","0,00","0,0","0,0","0,0","0,0","0,0","--","--","33:33","0:00","0,0","0:00","Não","02:49.21","8","0,0","00:32:13","00:33:33","18","25"
Corrida,2020-03-14 06:54:48,false,"Blumenau Corrida","10,01","711","01:05:37","--","--","--","--","--","6:33","1:44","133","134","0,00","0,0","0,0","0,0","0,0","0,0","--","--","1:05:37","0:00","0,0","0:00","Não","00:00.00","1","0,0","01:05:37","01:05:37","21","60"
Corrida,2020-03-09 19:05:22,false,"Blumenau Corrida","6,17","449","00:35:30","--","--","--","--","--","5:45","5:19","13","15","0,00","0,0","0,0","0,0","0,0","0,0","--","--","35:30","0:00","0,0","0:00","Não","05:40.48","6","0,0","00:35:29","00:35:30","13","21"
Corrida,2020-03-04 19:09:53,false,"Blumenau Corrida","3,30","193","00:31:07","--","--","--","--","--","9:27","6:16","7","10","0,00","0,0","0,0","0,0","0,0","0,0","--","--","31:07","0:00","0,0","0:00","Não","00:00.00","1","0,0","00:31:06","00:33:17","13","20"
Corrida,2020-03-02 19:08:10,false,"Blumenau Corrida","4,50","333","00:27:37","--","--","--","--","--","6:08","3:10","17","14","0,00","0,0","0,0","0,0","0,0","0,0","--","--","27:37","0:00","0,0","0:00","Não","00:02.13","18","0,0","00:25:14","00:40:04","17","26"
Corrida,2020-02-29 06:48:19,false,"Blumenau Corrida","10,00","733","01:00:44","--","--","--","--","--","6:04","2:22","142","145","0,00","0,0","0,0","0,0","0,0","0,0","--","--","1:00:44","0:00","0,0","0:00","Não","00:00.00","1","0,0","01:00:44","01:00:44","22","60"
Corrida,2020-02-26 19:13:49,false,"Blumenau Corrida","3,47","192","00:35:35","--","--","--","--","--","10:16","6:26","61","61","0,00","0,0","0,0","0,0","0,0","0,0","--","--","35:35","0:00","0,0","0:00","Não","00:37.96","7","0,0","00:33:45","00:35:35","17","28"
Corrida,2020-02-24 19:11:49,false,"Blumenau Corrida","1,53","80","00:18:36","--","--","--","--","--","12:09","8:52","13","--","0,00","0,0","0,0","0,0","0,0","0,0","--","--","18:36","0:00","0,0","0:00","Não","00:00.00","1","0,0","00:18:36","00:18:36","14","29"
Corrida,2020-02-24 18:51:28,false,"Blumenau Corrida","3,06","192","00:20:06","--","--","--","--","--","6:34","4:03","6","6","0,00","0,0","0,0","0,0","0,0","0,0","--","--","20:06","0:00","0,0","0:00","Não","00:58.40","20","0,0","00:20:01","00:20:06","14","18"
Corrida,2020-02-24 18:35:14,false,"Blumenau Corrida","2,00","149","00:11:42","--","--","--","--","--","5:51","4:02","3","18","0,00","0,0","0,0","0,0","0,0","0,0","--","--","11:42","0:00","0,0","0:00","Não","00:00.00","1","0,0","00:11:42","00:11:42","12","28"
Corrida,2020-02-21 13:08:18,false,"Corrida","0,00","--","00:00:07,4","--","--","--","--","--","--","--","--","--","0,00","0,0","0,0","0,0","0,0","0,0","--","--","0:07,4","0:00","0,0","0:00","Não","00:00.00","1","0,0","00:00:00","00:00:07,4","--","--"
Corrida,2020-02-19 19:08:03,false,"Blumenau Corrida","5,37","362","00:47:58","--","--","--","--","--","8:56","3:58","148","138","0,00","0,0","0,0","0,0","0,0","0,0","--","--","47:58","0:00","0,0","0:00","Não","00:36.84","24","0,0","00:47:54","00:47:58","13","61"
Corrida,2020-02-15 06:59:00,false,"Blumenau Corrida","10,00","726","01:02:29","--","--","--","--","--","6:15","2:07","125","129","0,00","0,0","0,0","0,0","0,0","0,0","--","--","1:02:29","0:00","0,0","0:00","Não","00:00.00","1","0,0","01:02:29","01:02:29","22","59"
Corrida,2020-02-12 19:16:23,false,"Blumenau Corrida","4,17","293","00:33:09","--","--","--","--","--","7:57","4:28","138","145","0,00","0,0","0,0","0,0","0,0","0,0","--","--","33:09","0:00","0,0","0:00","Não","01:04.36","15","0,0","00:31:16","00:33:37","19","63"
Corrida,2020-02-10 19:10:00,false,"Blumenau Corrida","6,22","449","00:44:21","--","--","--","--","--","7:08","3:32","6","7","0,00","0,0","0,0","0,0","0,0","0,0","--","--","44:21","0:00","0,0","0:00","Não","00:44.84","19","0,0","00:44:18","00:44:21","13","20"
Corrida,2020-02-09 07:46:49,false,"Blumenau Corrida","7,36","516","00:50:37","--","--","--","--","--","6:53","3:03","27","31","0,00","0,0","0,0","0,0","0,0","0,0","--","--","50:37","0:00","0,0","0:00","Não","00:01.16","10","0,0","00:50:34","00:50:37","12","29"
Corrida,2020-02-05 19:09:03,false,"Blumenau Corrida","5,18","363","00:40:10","--","--","--","--","--","7:45","4:27","158","151","0,00","0,0","0,0","0,0","0,0","0,0","--","--","40:10","0:00","0,0","0:00","Não","00:58.36","17","0,0","00:37:49","00:40:10","16","55"
Corrida,2020-02-02 07:56:37,false,"Blumenau Corrida","9,28","658","01:02:55","--","--","--","--","--","6:47","5:04","92","92","0,00","0,0","0,0","0,0","0,0","0,0","--","--","1:02:55","0:00","0,0","0:00","Não","00:00.00","1","0,0","01:02:54","01:02:55","12","56"
Corrida,2020-01-29 19:04:28,false,"Blumenau Corrida","6,13","450","00:35:34","--","--","--","--","--","5:48","5:03","15","16","0,00","0,0","0,0","0,0","0,0","0,0","--","--","35:34","0:00","0,0","0:00","Não","00:00.00","1","0,0","00:35:34","00:35:34","13","20"
Corrida,2020-01-27 19:36:10,false,"Blumenau Corrida","0,65","49","00:04:17,6","--","--","--","--","--","6:33","5:30","8","7","0,00","0,0","0,0","0,0","0,0","0,0","--","--","4:17,6","0:00","0,0","0:00","Não","00:00.00","1","0,0","00:04:17,6","00:04:17,6","17","26"
Corrida,2020-01-27 19:28:14,false,"Blumenau Corrida","0,99","73","00:04:05,7","--","--","--","--","--","4:07","3:39","8","17","0,00","0,0","0,0","0,0","0,0","0,0","--","--","4:05,7","0:00","0,0","0:00","Não","00:00.00","1","0,0","00:04:05,7","00:04:05,7","17","27"
Corrida,2020-01-27 19:19:49,false,"Blumenau Corrida","0,63","47","00:04:02,1","--","--","--","--","--","6:26","5:55","8","9","0,00","0,0","0,0","0,0","0,0","0,0","--","--","4:02,1","0:00","0,0","0:00","Não","00:00.00","1","0,0","00:04:02","00:04:02,1","17","27"
Corrida,2020-01-22 19:05:33,false,"Blumenau Corrida","5,32","380","00:34:44","--","--","--","--","--","6:32","4:26","107","117","0,00","0,0","0,0","0,0","0,0","0,0","--","--","34:44","0:00","0,0","0:00","Não","00:00.85","15","0,0","00:34:41","00:40:49","13","54"
Corrida,2020-01-20 19:05:50,false,"Blumenau Corrida","6,96","503","00:47:17","--","--","--","--","--","6:47","4:12","56","49","0,00","0,0","0,0","0,0","0,0","0,0","--","--","47:17","0:00","0,0","0:00","Não","01:00.45","15","0,0","00:45:51","00:47:17","9","24"
Corrida,2020-01-18 07:26:32,false,"Blumenau Corrida","7,71","565","00:50:19","--","--","--","--","--","6:31","3:45","117","122","0,00","0,0","0,0","0,0","0,0","0,0","--","--","50:19","0:00","0,0","0:00","Não","00:00.00","1","0,0","00:50:19","00:50:19","22","65"
Corrida,2020-01-15 19:43:08,false,"Blumenau Corrida","0,41","30","00:02:12,8","--","--","--","--","--","5:24","5:01","--","--","0,00","0,0","0,0","0,0","0,0","0,0","--","--","2:12,8","0:00","0,0","0:00","Não","00:00.00","1","0,0","00:02:12,8","00:02:12,8","14","15"
Corrida,2020-01-15 19:05:45,false,"Blumenau Corrida","5,66","410","00:35:17","--","--","--","--","--","6:14","4:15","--","--","0,00","0,0","0,0","0,0","0,0","0,0","--","--","35:17","0:00","0,0","0:00","Não","01:29.64","11","0,0","00:32:51","00:35:17","14","15"
Corrida,2020-01-13 19:13:36,false,"Blumenau Correr","5,42","398","00:30:32","--","--","--","--","--","5:38","3:36","41","40","0,00","0,0","0,0","0,0","0,0","0,0","--","--","30:32","0:00","0,0","0:00","Não","00:00.00","1","0,0","00:30:32","00:32:25","15","24"
Corrida,2020-01-13 19:05:33,false,"Blumenau Correr","0,69","51","00:04:34,6","--","--","--","--","--","6:39","5:54","7","6","0,00","0,0","0,0","0,0","0,0","0,0","--","--","4:34,6","0:00","0,0","0:00","Não","00:00.00","1","0,0","00:04:34,6","00:04:34,6","9","20"
Corrida,2020-01-11 07:30:46,false,"Blumenau Correr","1,75","92","00:22:10","--","--","--","--","--","12:39","8:29","18","15","0,00","0,0","0,0","0,0","0,0","0,0","--","--","22:10","0:00","0,0","0:00","Não","00:00.00","1","0,0","00:22:10","00:22:10","14","28"
Corrida,2020-01-11 06:50:57,false,"Blumenau Correr","4,81","343","00:38:59","--","--","--","--","--","8:07","4:22","6","5","0,00","0,0","0,0","0,0","0,0","0,0","--","--","38:59","0:00","0,0","0:00","Não","00:02.29","16","0,0","00:35:38","00:38:59","14","18"
Corrida,2020-01-11 06:41:08,false,"Blumenau Correr","1,42","104","00:08:19,3","--","--","--","--","--","5:52","4:03","8","19","0,00","0,0","0,0","0,0","0,0","0,0","--","--","8:19,3","0:00","0,0","0:00","Não","00:00.00","1","0,0","00:08:19","00:08:19,3","14","28"
Corrida,2020-01-06 19:17:39,false,"Blumenau Correr","4,04","287","00:27:06","--","--","--","--","--","6:43","3:46","43","36","0,00","0,0","0,0","0,0","0,0","0,0","--","--","27:06","0:00","0,0","0:00","Não","00:53.56","23","0,0","00:26:27","00:27:06","17","26"
Corrida,2020-01-06 19:11:51,false,"Blumenau Correr","0,63","45","00:03:45,0","--","--","--","--","--","5:59","5:10","2","--","0,00","0,0","0,0","0,0","0,0","0,0","--","--","3:45,0","0:00","0,0","0:00","Não","00:00.00","1","0,0","00:03:45","00:03:45,0","17","21"
Corrida,2019-12-02 18:16:17,false,"Blumenau Correr","8,00","567","00:48:43","--","--","--","--","--","6:05","4:38","26","30","0,00","0,0","0,0","0,0","0,0","0,0","--","--","48:43","0:00","0,0","0:00","Não","02:02.08","11","0,0","00:48:41","00:48:43","12","29"
Corrida,2019-11-20 20:08:06,false,"Blumenau Correr","4,00","292","00:22:08","--","--","--","--","--","5:32","5:08","44","42","0,00","0,0","0,0","0,0","0,0","0,0","--","--","22:08","0:00","0,0","0:00","Não","00:00.00","1","0,0","00:22:08","00:22:08","17","27"
Corrida,2019-11-13 20:11:10,false,"Blumenau Correr","5,00","360","00:26:25","--","--","--","--","--","5:17","4:42","51","44","0,00","0,0","0,0","0,0","0,0","0,0","--","--","26:25","0:00","0,0","0:00","Não","00:00.77","6","0,0","00:26:24","00:26:25","17","26"
Corrida,2019-11-12 22:06:05,false,"Correr","0,00","--","00:56:46","--","--","--","--","--","--","--","--","--","0,00","0,0","0,0","0,0","0,0","0,0","--","--","56:46","0:00","0,0","0:00","Não","00:00.00","1","0,0","00:00:00","00:56:46","--","--"
Corrida,2019-11-11 20:13:32,false,"Blumenau Correr","6,00","437","00:34:36","--","--","--","--","--","5:46","4:55","70","67","0,00","0,0","0,0","0,0","0,0","0,0","--","--","34:36","0:00","0,0","0:00","Não","00:00.81","8","0,0","00:34:36","00:34:36","15","27"
Corrida,2019-11-08 19:33:01,false,"Blumenau Corrida","0,97","65","00:04:55,5","--","--","--","151","173","5:06","2:24","--","--","1,30","0,0","0,0","0,0","0,0","0,0","--","--","4:55,5","0:00","0,0","0:00","Não","00:00.00","1","0,0","00:04:30","00:05:01,6","11","13"
Corrida,2019-11-08 19:16:29,false,"Blumenau Corrida","2,31","172","00:11:05","--","--","--","169","177","4:47","3:57","--","--","1,24","0,0","0,0","0,0","0,0","0,0","--","--","11:05","0:00","0,0","0:00","Não","01:41.76","3","0,0","00:10:58","00:14:25","11","13"
Corrida,2019-11-08 19:06:10,false,"Blumenau Corrida","1,02","73","00:05:51,4","--","--","--","159","164","5:45","5:31","--","--","1,09","0,0","0,0","0,0","0,0","0,0","--","--","5:51,4","0:00","0,0","0:00","Não","00:06.54","2","0,0","00:05:50,5","00:05:51,4","10","13"
Corrida,2019-11-06 18:03:39,false,"Blumenau Corrida","2,34","79","00:11:26","--","--","--","173","185","4:53","2:49","--","--","1,19","0,0","0,0","0,0","0,0","0,0","--","--","11:26","0:00","0,0","0:00","Não","01:43.26","3","0,0","00:10:41","00:12:00","11","13"
Corrida,2019-11-06 18:01:54,false,"Blumenau Corrida","0,16","--","00:00:51,9","--","--","--","118","118","5:20","--","--","--","1,59","0,0","0,0","0,0","0,0","0,0","--","--","0:51,9","0:00","0,0","0:00","Não","00:00.00","1","0,0","00:00:00","00:00:56,7","11","13"
Corrida,2019-11-06 17:53:13,false,"Blumenau Corrida","0,40","14","00:02:19,3","--","--","--","157","171","5:50","4:59","--","--","1,09","0,0","0,0","0,0","0,0","0,0","--","--","2:19,3","0:00","0,0","0:00","Não","00:00.00","1","0,0","00:02:19","00:02:19,3","11","13"
Corrida,2019-11-05 17:47:59,false,"Blumenau Corrida","5,09","186","00:30:03","--","--","--","164","171","5:54","4:31","1","1","1,03","0,0","0,0","0,0","0,0","0,0","--","--","30:03","0:00","0,0","0:00","Não","00:34.37","6","0,0","00:30:02","00:30:03","10","13"
